system:index,date,temperature,.geo
2010_01_17,2010-01-17,307.0609022777683,"{""type"":""MultiPoint"",""coordinates"":[]}"
2010_01_25,2010-01-25,307.82646963812647,"{""type"":""MultiPoint"",""coordinates"":[]}"
2010_02_02,2010-02-02,310.3084367170835,"{""type"":""MultiPoint"",""coordinates"":[]}"
2010_02_10,2010-02-10,314.6950629921822,"{""type"":""MultiPoint"",""coordinates"":[]}"
2010_02_18,2010-02-18,314.7166040214505,"{""type"":""MultiPoint"",""coordinates"":[]}"
2010_02_26,2010-02-26,315.6865537353823,"{""type"":""MultiPoint"",""coordinates"":[]}"
2010_03_06,2010-03-06,316.4425763264253,"{""type"":""MultiPoint"",""coordinates"":[]}"
2010_03_14,2010-03-14,315.0928153377883,"{""type"":""MultiPoint"",""coordinates"":[]}"
2010_03_22,2010-03-22,315.5605976899276,"{""type"":""MultiPoint"",""coordinates"":[]}"
2010_03_30,2010-03-30,315.2659725562263,"{""type"":""MultiPoint"",""coordinates"":[]}"
2010_04_07,2010-04-07,315.6603162889532,"{""type"":""MultiPoint"",""coordinates"":[]}"
2010_04_15,2010-04-15,312.0222251136012,"{""type"":""MultiPoint"",""coordinates"":[]}"
2010_04_23,2010-04-23,310.4511084829474,"{""type"":""MultiPoint"",""coordinates"":[]}"
2010_05_01,2010-05-01,310.1847528768231,"{""type"":""MultiPoint"",""coordinates"":[]}"
2010_05_09,2010-05-09,311.6310650432339,"{""type"":""MultiPoint"",""coordinates"":[]}"
2010_05_17,2010-05-17,308.09864149687013,"{""type"":""MultiPoint"",""coordinates"":[]}"
2010_05_25,2010-05-25,307.9423154562354,"{""type"":""MultiPoint"",""coordinates"":[]}"
2010_06_02,2010-06-02,309.5282602340495,"{""type"":""MultiPoint"",""coordinates"":[]}"
2010_06_10,2010-06-10,307.51408412719127,"{""type"":""MultiPoint"",""coordinates"":[]}"
2010_06_18,2010-06-18,308.93514113627117,"{""type"":""MultiPoint"",""coordinates"":[]}"
2010_06_26,2010-06-26,310.023800318088,"{""type"":""MultiPoint"",""coordinates"":[]}"
2010_07_04,2010-07-04,301.5776470588234,"{""type"":""MultiPoint"",""coordinates"":[]}"
2010_07_12,2010-07-12,306.0007822340074,"{""type"":""MultiPoint"",""coordinates"":[]}"
2010_07_20,2010-07-20,302.4486549925483,"{""type"":""MultiPoint"",""coordinates"":[]}"
2010_07_28,2010-07-28,,"{""type"":""MultiPoint"",""coordinates"":[]}"
2010_08_05,2010-08-05,306.16843295866096,"{""type"":""MultiPoint"",""coordinates"":[]}"
2010_08_13,2010-08-13,,"{""type"":""MultiPoint"",""coordinates"":[]}"
2010_08_21,2010-08-21,299.1003881369427,"{""type"":""MultiPoint"",""coordinates"":[]}"
2010_08_29,2010-08-29,303.41273915180375,"{""type"":""MultiPoint"",""coordinates"":[]}"
2010_09_06,2010-09-06,301.2640272686946,"{""type"":""MultiPoint"",""coordinates"":[]}"
2010_09_14,2010-09-14,301.46346441947577,"{""type"":""MultiPoint"",""coordinates"":[]}"
2010_09_22,2010-09-22,305.54478181197425,"{""type"":""MultiPoint"",""coordinates"":[]}"
2010_09_30,2010-09-30,303.74897909664753,"{""type"":""MultiPoint"",""coordinates"":[]}"
2010_10_08,2010-10-08,303.4714465849742,"{""type"":""MultiPoint"",""coordinates"":[]}"
2010_10_16,2010-10-16,302.7931588591446,"{""type"":""MultiPoint"",""coordinates"":[]}"
2010_10_24,2010-10-24,298.14936029048107,"{""type"":""MultiPoint"",""coordinates"":[]}"
2010_11_01,2010-11-01,299.77614169691844,"{""type"":""MultiPoint"",""coordinates"":[]}"
2010_11_09,2010-11-09,301.27607323716444,"{""type"":""MultiPoint"",""coordinates"":[]}"
2010_11_17,2010-11-17,296.5049024231812,"{""type"":""MultiPoint"",""coordinates"":[]}"
2010_11_25,2010-11-25,302.9576034494544,"{""type"":""MultiPoint"",""coordinates"":[]}"
2010_12_03,2010-12-03,301.15680188105733,"{""type"":""MultiPoint"",""coordinates"":[]}"
2010_12_11,2010-12-11,301.6905772323232,"{""type"":""MultiPoint"",""coordinates"":[]}"
2010_12_19,2010-12-19,304.3680833147883,"{""type"":""MultiPoint"",""coordinates"":[]}"
2010_12_27,2010-12-27,304.4106465761682,"{""type"":""MultiPoint"",""coordinates"":[]}"
2011_01_01,2011-01-01,305.8546556786287,"{""type"":""MultiPoint"",""coordinates"":[]}"
2011_01_09,2011-01-09,307.5971915536647,"{""type"":""MultiPoint"",""coordinates"":[]}"
2011_01_17,2011-01-17,308.5764325965695,"{""type"":""MultiPoint"",""coordinates"":[]}"
2011_01_25,2011-01-25,309.5839367781027,"{""type"":""MultiPoint"",""coordinates"":[]}"
2011_02_02,2011-02-02,311.46902320840127,"{""type"":""MultiPoint"",""coordinates"":[]}"
2011_02_10,2011-02-10,311.7824863427207,"{""type"":""MultiPoint"",""coordinates"":[]}"
2011_02_18,2011-02-18,308.53956099716345,"{""type"":""MultiPoint"",""coordinates"":[]}"
2011_02_26,2011-02-26,314.1068283166905,"{""type"":""MultiPoint"",""coordinates"":[]}"
2011_03_06,2011-03-06,316.60657247151926,"{""type"":""MultiPoint"",""coordinates"":[]}"
2011_03_14,2011-03-14,315.9096535968347,"{""type"":""MultiPoint"",""coordinates"":[]}"
2011_03_22,2011-03-22,315.2814442976818,"{""type"":""MultiPoint"",""coordinates"":[]}"
2011_03_30,2011-03-30,314.064335082518,"{""type"":""MultiPoint"",""coordinates"":[]}"
2011_04_07,2011-04-07,316.00880095906064,"{""type"":""MultiPoint"",""coordinates"":[]}"
2011_04_15,2011-04-15,313.3086393933921,"{""type"":""MultiPoint"",""coordinates"":[]}"
2011_04_23,2011-04-23,312.20240759351947,"{""type"":""MultiPoint"",""coordinates"":[]}"
2011_05_01,2011-05-01,310.726243978952,"{""type"":""MultiPoint"",""coordinates"":[]}"
2011_05_09,2011-05-09,310.9266891954945,"{""type"":""MultiPoint"",""coordinates"":[]}"
2011_05_17,2011-05-17,307.5193688649978,"{""type"":""MultiPoint"",""coordinates"":[]}"
2011_05_25,2011-05-25,305.2970403951189,"{""type"":""MultiPoint"",""coordinates"":[]}"
2011_06_02,2011-06-02,303.818172017841,"{""type"":""MultiPoint"",""coordinates"":[]}"
2011_06_10,2011-06-10,305.255077840032,"{""type"":""MultiPoint"",""coordinates"":[]}"
2011_06_18,2011-06-18,309.1084426035333,"{""type"":""MultiPoint"",""coordinates"":[]}"
2011_06_26,2011-06-26,308.71587031723146,"{""type"":""MultiPoint"",""coordinates"":[]}"
2011_07_04,2011-07-04,305.10514368253,"{""type"":""MultiPoint"",""coordinates"":[]}"
2011_07_12,2011-07-12,,"{""type"":""MultiPoint"",""coordinates"":[]}"
2011_07_20,2011-07-20,305.8479328047358,"{""type"":""MultiPoint"",""coordinates"":[]}"
2011_07_28,2011-07-28,301.1228862787945,"{""type"":""MultiPoint"",""coordinates"":[]}"
2011_08_05,2011-08-05,306.8408174859937,"{""type"":""MultiPoint"",""coordinates"":[]}"
2011_08_13,2011-08-13,308.5116677738393,"{""type"":""MultiPoint"",""coordinates"":[]}"
2011_08_21,2011-08-21,302.8359810874705,"{""type"":""MultiPoint"",""coordinates"":[]}"
2011_08_29,2011-08-29,304.03407276815335,"{""type"":""MultiPoint"",""coordinates"":[]}"
2011_09_06,2011-09-06,304.3210873464494,"{""type"":""MultiPoint"",""coordinates"":[]}"
2011_09_14,2011-09-14,302.0269108304059,"{""type"":""MultiPoint"",""coordinates"":[]}"
2011_09_22,2011-09-22,306.23562285090736,"{""type"":""MultiPoint"",""coordinates"":[]}"
2011_09_30,2011-09-30,305.3388952468495,"{""type"":""MultiPoint"",""coordinates"":[]}"
2011_10_08,2011-10-08,303.8163596827739,"{""type"":""MultiPoint"",""coordinates"":[]}"
2011_10_16,2011-10-16,304.92638434349357,"{""type"":""MultiPoint"",""coordinates"":[]}"
2011_10_24,2011-10-24,300.5117765645756,"{""type"":""MultiPoint"",""coordinates"":[]}"
2011_11_01,2011-11-01,303.77723706596413,"{""type"":""MultiPoint"",""coordinates"":[]}"
2011_11_09,2011-11-09,304.018088303912,"{""type"":""MultiPoint"",""coordinates"":[]}"
2011_11_17,2011-11-17,304.6188385390125,"{""type"":""MultiPoint"",""coordinates"":[]}"
2011_11_25,2011-11-25,301.76470055091,"{""type"":""MultiPoint"",""coordinates"":[]}"
2011_12_03,2011-12-03,304.20477477154157,"{""type"":""MultiPoint"",""coordinates"":[]}"
2011_12_11,2011-12-11,303.717345103838,"{""type"":""MultiPoint"",""coordinates"":[]}"
2011_12_19,2011-12-19,306.4572017472707,"{""type"":""MultiPoint"",""coordinates"":[]}"
2011_12_27,2011-12-27,302.13372876596594,"{""type"":""MultiPoint"",""coordinates"":[]}"
2012_01_01,2012-01-01,307.39993869478724,"{""type"":""MultiPoint"",""coordinates"":[]}"
2012_01_09,2012-01-09,306.05638345907823,"{""type"":""MultiPoint"",""coordinates"":[]}"
2012_01_17,2012-01-17,308.82582711786597,"{""type"":""MultiPoint"",""coordinates"":[]}"
2012_01_25,2012-01-25,307.65411251013944,"{""type"":""MultiPoint"",""coordinates"":[]}"
2012_02_02,2012-02-02,310.18602050924966,"{""type"":""MultiPoint"",""coordinates"":[]}"
2012_02_10,2012-02-10,313.72255916958056,"{""type"":""MultiPoint"",""coordinates"":[]}"
2012_02_18,2012-02-18,314.566736717801,"{""type"":""MultiPoint"",""coordinates"":[]}"
2012_02_26,2012-02-26,315.2480852530087,"{""type"":""MultiPoint"",""coordinates"":[]}"
2012_03_05,2012-03-05,313.30888559471117,"{""type"":""MultiPoint"",""coordinates"":[]}"
2012_03_13,2012-03-13,315.44756710192826,"{""type"":""MultiPoint"",""coordinates"":[]}"
2012_03_21,2012-03-21,316.7931851431772,"{""type"":""MultiPoint"",""coordinates"":[]}"
2012_03_29,2012-03-29,316.7153660725182,"{""type"":""MultiPoint"",""coordinates"":[]}"
2012_04_06,2012-04-06,318.54659418677215,"{""type"":""MultiPoint"",""coordinates"":[]}"
2012_04_14,2012-04-14,317.0306781261,"{""type"":""MultiPoint"",""coordinates"":[]}"
2012_04_22,2012-04-22,316.5684204216701,"{""type"":""MultiPoint"",""coordinates"":[]}"
2012_04_30,2012-04-30,312.7567587201998,"{""type"":""MultiPoint"",""coordinates"":[]}"
2012_05_08,2012-05-08,309.81905714131756,"{""type"":""MultiPoint"",""coordinates"":[]}"
2012_05_16,2012-05-16,308.8878714385192,"{""type"":""MultiPoint"",""coordinates"":[]}"
2012_05_24,2012-05-24,310.1429568800636,"{""type"":""MultiPoint"",""coordinates"":[]}"
2012_06_01,2012-06-01,311.9849228370556,"{""type"":""MultiPoint"",""coordinates"":[]}"
2012_06_09,2012-06-09,312.8062314827384,"{""type"":""MultiPoint"",""coordinates"":[]}"
2012_06_17,2012-06-17,313.41219000346916,"{""type"":""MultiPoint"",""coordinates"":[]}"
2012_06_25,2012-06-25,312.1969837160254,"{""type"":""MultiPoint"",""coordinates"":[]}"
2012_07_03,2012-07-03,308.47382119900124,"{""type"":""MultiPoint"",""coordinates"":[]}"
2012_07_11,2012-07-11,311.84461757548434,"{""type"":""MultiPoint"",""coordinates"":[]}"
2012_07_19,2012-07-19,308.3150779612944,"{""type"":""MultiPoint"",""coordinates"":[]}"
2012_07_27,2012-07-27,305.80560420315237,"{""type"":""MultiPoint"",""coordinates"":[]}"
2012_08_04,2012-08-04,307.2448895922826,"{""type"":""MultiPoint"",""coordinates"":[]}"
2012_08_12,2012-08-12,307.1846772990197,"{""type"":""MultiPoint"",""coordinates"":[]}"
2012_08_20,2012-08-20,307.522400820334,"{""type"":""MultiPoint"",""coordinates"":[]}"
2012_08_28,2012-08-28,307.3831877784285,"{""type"":""MultiPoint"",""coordinates"":[]}"
2012_09_05,2012-09-05,306.7289706961423,"{""type"":""MultiPoint"",""coordinates"":[]}"
2012_09_13,2012-09-13,309.26965613104454,"{""type"":""MultiPoint"",""coordinates"":[]}"
2012_09_21,2012-09-21,311.301019755632,"{""type"":""MultiPoint"",""coordinates"":[]}"
2012_09_29,2012-09-29,307.5219028833201,"{""type"":""MultiPoint"",""coordinates"":[]}"
2012_10_07,2012-10-07,308.4137132501011,"{""type"":""MultiPoint"",""coordinates"":[]}"
2012_10_15,2012-10-15,305.6833261841475,"{""type"":""MultiPoint"",""coordinates"":[]}"
2012_10_23,2012-10-23,305.14757363445176,"{""type"":""MultiPoint"",""coordinates"":[]}"
2012_10_31,2012-10-31,302.9815808477959,"{""type"":""MultiPoint"",""coordinates"":[]}"
2012_11_08,2012-11-08,304.7353235752276,"{""type"":""MultiPoint"",""coordinates"":[]}"
2012_11_16,2012-11-16,305.6399159745303,"{""type"":""MultiPoint"",""coordinates"":[]}"
2012_11_24,2012-11-24,305.4415832753057,"{""type"":""MultiPoint"",""coordinates"":[]}"
2012_12_02,2012-12-02,305.56362109932996,"{""type"":""MultiPoint"",""coordinates"":[]}"
2012_12_10,2012-12-10,306.73801999956976,"{""type"":""MultiPoint"",""coordinates"":[]}"
2012_12_18,2012-12-18,306.1145145474248,"{""type"":""MultiPoint"",""coordinates"":[]}"
2012_12_26,2012-12-26,307.03952895188354,"{""type"":""MultiPoint"",""coordinates"":[]}"
2013_01_01,2013-01-01,309.382803493105,"{""type"":""MultiPoint"",""coordinates"":[]}"
2013_01_09,2013-01-09,309.45100532651827,"{""type"":""MultiPoint"",""coordinates"":[]}"
2013_01_17,2013-01-17,310.5604460779736,"{""type"":""MultiPoint"",""coordinates"":[]}"
2013_01_25,2013-01-25,310.82226560088384,"{""type"":""MultiPoint"",""coordinates"":[]}"
2013_02_02,2013-02-02,311.90691087054876,"{""type"":""MultiPoint"",""coordinates"":[]}"
2013_02_10,2013-02-10,311.672058893204,"{""type"":""MultiPoint"",""coordinates"":[]}"
2013_02_18,2013-02-18,315.11288776982553,"{""type"":""MultiPoint"",""coordinates"":[]}"
2013_02_26,2013-02-26,316.0523812480708,"{""type"":""MultiPoint"",""coordinates"":[]}"
2013_03_06,2013-03-06,315.20186647092925,"{""type"":""MultiPoint"",""coordinates"":[]}"
2013_03_14,2013-03-14,316.05439800291356,"{""type"":""MultiPoint"",""coordinates"":[]}"
2013_03_22,2013-03-22,318.2333527634005,"{""type"":""MultiPoint"",""coordinates"":[]}"
2013_03_30,2013-03-30,314.16321337721666,"{""type"":""MultiPoint"",""coordinates"":[]}"
2013_04_07,2013-04-07,317.985038620848,"{""type"":""MultiPoint"",""coordinates"":[]}"
2013_04_15,2013-04-15,316.34064033078926,"{""type"":""MultiPoint"",""coordinates"":[]}"
2013_04_23,2013-04-23,316.555747080145,"{""type"":""MultiPoint"",""coordinates"":[]}"
2013_05_01,2013-05-01,317.3525016933304,"{""type"":""MultiPoint"",""coordinates"":[]}"
2013_05_09,2013-05-09,311.5651287769675,"{""type"":""MultiPoint"",""coordinates"":[]}"
2013_05_17,2013-05-17,308.8946436903729,"{""type"":""MultiPoint"",""coordinates"":[]}"
2013_05_25,2013-05-25,,"{""type"":""MultiPoint"",""coordinates"":[]}"
2013_06_02,2013-06-02,306.4363545389563,"{""type"":""MultiPoint"",""coordinates"":[]}"
2013_06_10,2013-06-10,308.5557323688969,"{""type"":""MultiPoint"",""coordinates"":[]}"
2013_06_18,2013-06-18,308.6455991712399,"{""type"":""MultiPoint"",""coordinates"":[]}"
2013_06_26,2013-06-26,308.1925895899849,"{""type"":""MultiPoint"",""coordinates"":[]}"
2013_07_04,2013-07-04,,"{""type"":""MultiPoint"",""coordinates"":[]}"
2013_07_12,2013-07-12,,"{""type"":""MultiPoint"",""coordinates"":[]}"
2013_07_20,2013-07-20,304.96,"{""type"":""MultiPoint"",""coordinates"":[]}"
2013_07_28,2013-07-28,305.72756192117157,"{""type"":""MultiPoint"",""coordinates"":[]}"
2013_08_05,2013-08-05,306.5905003625818,"{""type"":""MultiPoint"",""coordinates"":[]}"
2013_08_13,2013-08-13,308.8223751970573,"{""type"":""MultiPoint"",""coordinates"":[]}"
2013_08_21,2013-08-21,305.7901865157785,"{""type"":""MultiPoint"",""coordinates"":[]}"
2013_08_29,2013-08-29,305.47133502308395,"{""type"":""MultiPoint"",""coordinates"":[]}"
2013_09_06,2013-09-06,,"{""type"":""MultiPoint"",""coordinates"":[]}"
2013_09_14,2013-09-14,300.1427228051534,"{""type"":""MultiPoint"",""coordinates"":[]}"
2013_09_22,2013-09-22,306.5012792258597,"{""type"":""MultiPoint"",""coordinates"":[]}"
2013_09_30,2013-09-30,306.15931925920995,"{""type"":""MultiPoint"",""coordinates"":[]}"
2013_10_08,2013-10-08,304.21496453900755,"{""type"":""MultiPoint"",""coordinates"":[]}"
2013_10_16,2013-10-16,304.21227133994074,"{""type"":""MultiPoint"",""coordinates"":[]}"
2013_10_24,2013-10-24,301.0218839153598,"{""type"":""MultiPoint"",""coordinates"":[]}"
2013_11_01,2013-11-01,302.804375727713,"{""type"":""MultiPoint"",""coordinates"":[]}"
2013_11_09,2013-11-09,304.8197561430836,"{""type"":""MultiPoint"",""coordinates"":[]}"
2013_11_17,2013-11-17,304.9172617962278,"{""type"":""MultiPoint"",""coordinates"":[]}"
2013_11_25,2013-11-25,301.47886221354435,"{""type"":""MultiPoint"",""coordinates"":[]}"
2013_12_03,2013-12-03,304.9483047026982,"{""type"":""MultiPoint"",""coordinates"":[]}"
2013_12_11,2013-12-11,304.98977635083173,"{""type"":""MultiPoint"",""coordinates"":[]}"
2013_12_19,2013-12-19,305.65783281767045,"{""type"":""MultiPoint"",""coordinates"":[]}"
2013_12_27,2013-12-27,306.3313764958397,"{""type"":""MultiPoint"",""coordinates"":[]}"
2014_01_01,2014-01-01,305.6187441404694,"{""type"":""MultiPoint"",""coordinates"":[]}"
2014_01_09,2014-01-09,308.08067564948374,"{""type"":""MultiPoint"",""coordinates"":[]}"
2014_01_17,2014-01-17,307.9490644135437,"{""type"":""MultiPoint"",""coordinates"":[]}"
2014_01_25,2014-01-25,308.81138424872336,"{""type"":""MultiPoint"",""coordinates"":[]}"
2014_02_02,2014-02-02,312.4928548200687,"{""type"":""MultiPoint"",""coordinates"":[]}"
2014_02_10,2014-02-10,311.51088530038777,"{""type"":""MultiPoint"",""coordinates"":[]}"
2014_02_18,2014-02-18,311.03062493270016,"{""type"":""MultiPoint"",""coordinates"":[]}"
2014_02_26,2014-02-26,311.7635799300801,"{""type"":""MultiPoint"",""coordinates"":[]}"
2014_03_06,2014-03-06,312.2028399263559,"{""type"":""MultiPoint"",""coordinates"":[]}"
2014_03_14,2014-03-14,317.37687691578674,"{""type"":""MultiPoint"",""coordinates"":[]}"
2014_03_22,2014-03-22,318.55945819544417,"{""type"":""MultiPoint"",""coordinates"":[]}"
2014_03_30,2014-03-30,317.6799970926682,"{""type"":""MultiPoint"",""coordinates"":[]}"
2014_04_07,2014-04-07,315.2286813883301,"{""type"":""MultiPoint"",""coordinates"":[]}"
2014_04_15,2014-04-15,315.4196517304009,"{""type"":""MultiPoint"",""coordinates"":[]}"
2014_04_23,2014-04-23,315.14508671096513,"{""type"":""MultiPoint"",""coordinates"":[]}"
2014_05_01,2014-05-01,315.9096518618004,"{""type"":""MultiPoint"",""coordinates"":[]}"
2014_05_09,2014-05-09,316.24536648251126,"{""type"":""MultiPoint"",""coordinates"":[]}"
2014_05_17,2014-05-17,313.1605593562231,"{""type"":""MultiPoint"",""coordinates"":[]}"
2014_05_25,2014-05-25,310.0878347558923,"{""type"":""MultiPoint"",""coordinates"":[]}"
2014_06_02,2014-06-02,307.8797548724269,"{""type"":""MultiPoint"",""coordinates"":[]}"
2014_06_10,2014-06-10,308.2635004047898,"{""type"":""MultiPoint"",""coordinates"":[]}"
2014_06_18,2014-06-18,306.46774176560746,"{""type"":""MultiPoint"",""coordinates"":[]}"
2014_06_26,2014-06-26,310.31591090612557,"{""type"":""MultiPoint"",""coordinates"":[]}"
2014_07_04,2014-07-04,301.52825330132055,"{""type"":""MultiPoint"",""coordinates"":[]}"
2014_07_12,2014-07-12,,"{""type"":""MultiPoint"",""coordinates"":[]}"
2014_07_20,2014-07-20,296.74589055794,"{""type"":""MultiPoint"",""coordinates"":[]}"
2014_07_28,2014-07-28,307.010173830476,"{""type"":""MultiPoint"",""coordinates"":[]}"
2014_08_05,2014-08-05,306.1188248936993,"{""type"":""MultiPoint"",""coordinates"":[]}"
2014_08_13,2014-08-13,306.96220651636753,"{""type"":""MultiPoint"",""coordinates"":[]}"
2014_08_21,2014-08-21,303.6226025093779,"{""type"":""MultiPoint"",""coordinates"":[]}"
2014_08_29,2014-08-29,,"{""type"":""MultiPoint"",""coordinates"":[]}"
2014_09_06,2014-09-06,308.4692302164148,"{""type"":""MultiPoint"",""coordinates"":[]}"
2014_09_14,2014-09-14,306.02558864751217,"{""type"":""MultiPoint"",""coordinates"":[]}"
2014_09_22,2014-09-22,304.8164391262738,"{""type"":""MultiPoint"",""coordinates"":[]}"
2014_09_30,2014-09-30,306.38842215826355,"{""type"":""MultiPoint"",""coordinates"":[]}"
2014_10_08,2014-10-08,304.2634500110094,"{""type"":""MultiPoint"",""coordinates"":[]}"
2014_10_16,2014-10-16,304.4547851565372,"{""type"":""MultiPoint"",""coordinates"":[]}"
2014_10_24,2014-10-24,302.4293529749888,"{""type"":""MultiPoint"",""coordinates"":[]}"
2014_11_01,2014-11-01,304.4685720695164,"{""type"":""MultiPoint"",""coordinates"":[]}"
2014_11_09,2014-11-09,305.8270602617443,"{""type"":""MultiPoint"",""coordinates"":[]}"
2014_11_17,2014-11-17,302.92405913727646,"{""type"":""MultiPoint"",""coordinates"":[]}"
2014_11_25,2014-11-25,302.37817958175145,"{""type"":""MultiPoint"",""coordinates"":[]}"
2014_12_03,2014-12-03,305.19946494332436,"{""type"":""MultiPoint"",""coordinates"":[]}"
2014_12_11,2014-12-11,303.69063724638715,"{""type"":""MultiPoint"",""coordinates"":[]}"
2014_12_19,2014-12-19,304.2795666640345,"{""type"":""MultiPoint"",""coordinates"":[]}"
2014_12_27,2014-12-27,305.45174164871395,"{""type"":""MultiPoint"",""coordinates"":[]}"
2015_01_01,2015-01-01,303.8355564887793,"{""type"":""MultiPoint"",""coordinates"":[]}"
2015_01_09,2015-01-09,307.11682953705196,"{""type"":""MultiPoint"",""coordinates"":[]}"
2015_01_17,2015-01-17,306.49604039396166,"{""type"":""MultiPoint"",""coordinates"":[]}"
2015_01_25,2015-01-25,309.1618558825006,"{""type"":""MultiPoint"",""coordinates"":[]}"
2015_02_02,2015-02-02,310.3262048556019,"{""type"":""MultiPoint"",""coordinates"":[]}"
2015_02_10,2015-02-10,313.34137200921697,"{""type"":""MultiPoint"",""coordinates"":[]}"
2015_02_18,2015-02-18,312.55985858165286,"{""type"":""MultiPoint"",""coordinates"":[]}"
2015_02_26,2015-02-26,312.7135956153131,"{""type"":""MultiPoint"",""coordinates"":[]}"
2015_03_06,2015-03-06,312.00055379281093,"{""type"":""MultiPoint"",""coordinates"":[]}"
2015_03_14,2015-03-14,316.9305849120264,"{""type"":""MultiPoint"",""coordinates"":[]}"
2015_03_22,2015-03-22,315.13960087004625,"{""type"":""MultiPoint"",""coordinates"":[]}"
2015_03_30,2015-03-30,315.7270757189545,"{""type"":""MultiPoint"",""coordinates"":[]}"
2015_04_07,2015-04-07,314.1779638878647,"{""type"":""MultiPoint"",""coordinates"":[]}"
2015_04_15,2015-04-15,308.25511029497517,"{""type"":""MultiPoint"",""coordinates"":[]}"
2015_04_23,2015-04-23,310.3858079510135,"{""type"":""MultiPoint"",""coordinates"":[]}"
2015_05_01,2015-05-01,308.7666491748206,"{""type"":""MultiPoint"",""coordinates"":[]}"
2015_05_09,2015-05-09,310.7260679197418,"{""type"":""MultiPoint"",""coordinates"":[]}"
2015_05_17,2015-05-17,306.93865379783557,"{""type"":""MultiPoint"",""coordinates"":[]}"
2015_05_25,2015-05-25,306.509810878523,"{""type"":""MultiPoint"",""coordinates"":[]}"
2015_06_02,2015-06-02,309.0650488484978,"{""type"":""MultiPoint"",""coordinates"":[]}"
2015_06_10,2015-06-10,306.8579810549593,"{""type"":""MultiPoint"",""coordinates"":[]}"
2015_06_18,2015-06-18,306.0410710688153,"{""type"":""MultiPoint"",""coordinates"":[]}"
2015_06_26,2015-06-26,306.58970076367325,"{""type"":""MultiPoint"",""coordinates"":[]}"
2015_07_04,2015-07-04,305.82005664516856,"{""type"":""MultiPoint"",""coordinates"":[]}"
2015_07_12,2015-07-12,308.21799909863273,"{""type"":""MultiPoint"",""coordinates"":[]}"
2015_07_20,2015-07-20,305.32413297587095,"{""type"":""MultiPoint"",""coordinates"":[]}"
2015_07_28,2015-07-28,308.6826937471498,"{""type"":""MultiPoint"",""coordinates"":[]}"
2015_08_05,2015-08-05,308.0255557747087,"{""type"":""MultiPoint"",""coordinates"":[]}"
2015_08_13,2015-08-13,308.30399956585893,"{""type"":""MultiPoint"",""coordinates"":[]}"
2015_08_21,2015-08-21,302.38665020421024,"{""type"":""MultiPoint"",""coordinates"":[]}"
2015_08_29,2015-08-29,308.4507362205185,"{""type"":""MultiPoint"",""coordinates"":[]}"
2015_09_06,2015-09-06,305.91971468905865,"{""type"":""MultiPoint"",""coordinates"":[]}"
2015_09_14,2015-09-14,,"{""type"":""MultiPoint"",""coordinates"":[]}"
2015_09_22,2015-09-22,305.2551414828561,"{""type"":""MultiPoint"",""coordinates"":[]}"
2015_09_30,2015-09-30,302.64176812305664,"{""type"":""MultiPoint"",""coordinates"":[]}"
2015_10_08,2015-10-08,306.4731283604811,"{""type"":""MultiPoint"",""coordinates"":[]}"
2015_10_16,2015-10-16,306.5285764843536,"{""type"":""MultiPoint"",""coordinates"":[]}"
2015_10_24,2015-10-24,307.3755193355489,"{""type"":""MultiPoint"",""coordinates"":[]}"
2015_11_01,2015-11-01,301.2798594001476,"{""type"":""MultiPoint"",""coordinates"":[]}"
2015_11_09,2015-11-09,298.1368351764087,"{""type"":""MultiPoint"",""coordinates"":[]}"
2015_11_17,2015-11-17,299.09434713613354,"{""type"":""MultiPoint"",""coordinates"":[]}"
2015_11_25,2015-11-25,303.36377529557876,"{""type"":""MultiPoint"",""coordinates"":[]}"
2015_12_03,2015-12-03,302.34524298972536,"{""type"":""MultiPoint"",""coordinates"":[]}"
2015_12_11,2015-12-11,304.0870169702013,"{""type"":""MultiPoint"",""coordinates"":[]}"
2015_12_19,2015-12-19,304.87463730142207,"{""type"":""MultiPoint"",""coordinates"":[]}"
2015_12_27,2015-12-27,305.486094807721,"{""type"":""MultiPoint"",""coordinates"":[]}"
2016_01_01,2016-01-01,305.2731922858811,"{""type"":""MultiPoint"",""coordinates"":[]}"
2016_01_09,2016-01-09,305.93408092431537,"{""type"":""MultiPoint"",""coordinates"":[]}"
2016_01_17,2016-01-17,305.07501321617684,"{""type"":""MultiPoint"",""coordinates"":[]}"
2016_01_25,2016-01-25,308.62896926125046,"{""type"":""MultiPoint"",""coordinates"":[]}"
2016_02_02,2016-02-02,308.1671450722525,"{""type"":""MultiPoint"",""coordinates"":[]}"
2016_02_10,2016-02-10,309.4022029676322,"{""type"":""MultiPoint"",""coordinates"":[]}"
2016_02_18,2016-02-18,314.02043114649234,"{""type"":""MultiPoint"",""coordinates"":[]}"
2016_02_26,2016-02-26,312.751866614502,"{""type"":""MultiPoint"",""coordinates"":[]}"
2016_03_05,2016-03-05,317.08803539765773,"{""type"":""MultiPoint"",""coordinates"":[]}"
2016_03_13,2016-03-13,314.2787444276143,"{""type"":""MultiPoint"",""coordinates"":[]}"
2016_03_21,2016-03-21,315.70572607912237,"{""type"":""MultiPoint"",""coordinates"":[]}"
2016_03_29,2016-03-29,316.126388304631,"{""type"":""MultiPoint"",""coordinates"":[]}"
2016_04_06,2016-04-06,316.2995029539924,"{""type"":""MultiPoint"",""coordinates"":[]}"
2016_04_14,2016-04-14,317.0499620252252,"{""type"":""MultiPoint"",""coordinates"":[]}"
2016_04_22,2016-04-22,320.02198585098625,"{""type"":""MultiPoint"",""coordinates"":[]}"
2016_04_30,2016-04-30,318.63167246936507,"{""type"":""MultiPoint"",""coordinates"":[]}"
2016_05_08,2016-05-08,312.2047729885916,"{""type"":""MultiPoint"",""coordinates"":[]}"
2016_05_16,2016-05-16,307.1124525302068,"{""type"":""MultiPoint"",""coordinates"":[]}"
2016_05_24,2016-05-24,312.56152451849584,"{""type"":""MultiPoint"",""coordinates"":[]}"
2016_06_01,2016-06-01,305.4164861358751,"{""type"":""MultiPoint"",""coordinates"":[]}"
2016_06_09,2016-06-09,305.1190009537161,"{""type"":""MultiPoint"",""coordinates"":[]}"
2016_06_17,2016-06-17,305.0955846480922,"{""type"":""MultiPoint"",""coordinates"":[]}"
2016_06_25,2016-06-25,305.1782722183785,"{""type"":""MultiPoint"",""coordinates"":[]}"
2016_07_03,2016-07-03,,"{""type"":""MultiPoint"",""coordinates"":[]}"
2016_07_11,2016-07-11,304.73686943989236,"{""type"":""MultiPoint"",""coordinates"":[]}"
2016_07_19,2016-07-19,304.43479373900817,"{""type"":""MultiPoint"",""coordinates"":[]}"
2016_07_27,2016-07-27,302.8958057847903,"{""type"":""MultiPoint"",""coordinates"":[]}"
2016_08_04,2016-08-04,304.79217813274755,"{""type"":""MultiPoint"",""coordinates"":[]}"
2016_08_12,2016-08-12,305.8645884048325,"{""type"":""MultiPoint"",""coordinates"":[]}"
2016_08_20,2016-08-20,306.6712403092289,"{""type"":""MultiPoint"",""coordinates"":[]}"
2016_08_28,2016-08-28,300.4513085276838,"{""type"":""MultiPoint"",""coordinates"":[]}"
2016_09_05,2016-09-05,306.23494333995853,"{""type"":""MultiPoint"",""coordinates"":[]}"
2016_09_13,2016-09-13,306.36359834405283,"{""type"":""MultiPoint"",""coordinates"":[]}"
2016_09_21,2016-09-21,306.9631715494532,"{""type"":""MultiPoint"",""coordinates"":[]}"
2016_09_29,2016-09-29,307.76331224022346,"{""type"":""MultiPoint"",""coordinates"":[]}"
2016_10_07,2016-10-07,307.24819068856766,"{""type"":""MultiPoint"",""coordinates"":[]}"
2016_10_15,2016-10-15,307.1436773795258,"{""type"":""MultiPoint"",""coordinates"":[]}"
2016_10_23,2016-10-23,307.41911642247425,"{""type"":""MultiPoint"",""coordinates"":[]}"
2016_10_31,2016-10-31,306.42147746279676,"{""type"":""MultiPoint"",""coordinates"":[]}"
2016_11_08,2016-11-08,307.6013706811766,"{""type"":""MultiPoint"",""coordinates"":[]}"
2016_11_16,2016-11-16,308.7057732783928,"{""type"":""MultiPoint"",""coordinates"":[]}"
2016_11_24,2016-11-24,309.5431281451221,"{""type"":""MultiPoint"",""coordinates"":[]}"
2016_12_02,2016-12-02,306.48095895278635,"{""type"":""MultiPoint"",""coordinates"":[]}"
2016_12_10,2016-12-10,302.1757392537286,"{""type"":""MultiPoint"",""coordinates"":[]}"
2016_12_18,2016-12-18,306.86040035031556,"{""type"":""MultiPoint"",""coordinates"":[]}"
2016_12_26,2016-12-26,306.73079538846963,"{""type"":""MultiPoint"",""coordinates"":[]}"
2017_01_01,2017-01-01,307.5026586290321,"{""type"":""MultiPoint"",""coordinates"":[]}"
2017_01_09,2017-01-09,305.74473772998465,"{""type"":""MultiPoint"",""coordinates"":[]}"
2017_01_17,2017-01-17,307.98549054937797,"{""type"":""MultiPoint"",""coordinates"":[]}"
2017_01_25,2017-01-25,312.23021532199584,"{""type"":""MultiPoint"",""coordinates"":[]}"
2017_02_02,2017-02-02,312.33906549033384,"{""type"":""MultiPoint"",""coordinates"":[]}"
2017_02_10,2017-02-10,312.1597072927362,"{""type"":""MultiPoint"",""coordinates"":[]}"
2017_02_18,2017-02-18,315.5091281235865,"{""type"":""MultiPoint"",""coordinates"":[]}"
2017_02_26,2017-02-26,312.6283355347689,"{""type"":""MultiPoint"",""coordinates"":[]}"
2017_03_06,2017-03-06,313.1532949398077,"{""type"":""MultiPoint"",""coordinates"":[]}"
2017_03_14,2017-03-14,313.98906908129374,"{""type"":""MultiPoint"",""coordinates"":[]}"
2017_03_22,2017-03-22,316.81279448396646,"{""type"":""MultiPoint"",""coordinates"":[]}"
2017_03_30,2017-03-30,315.85285026165974,"{""type"":""MultiPoint"",""coordinates"":[]}"
2017_04_07,2017-04-07,314.8814663718648,"{""type"":""MultiPoint"",""coordinates"":[]}"
2017_04_15,2017-04-15,313.9624809946664,"{""type"":""MultiPoint"",""coordinates"":[]}"
2017_04_23,2017-04-23,315.2529666984924,"{""type"":""MultiPoint"",""coordinates"":[]}"
2017_05_01,2017-05-01,315.40452653568116,"{""type"":""MultiPoint"",""coordinates"":[]}"
2017_05_09,2017-05-09,311.7464293293912,"{""type"":""MultiPoint"",""coordinates"":[]}"
2017_05_17,2017-05-17,310.24240516612264,"{""type"":""MultiPoint"",""coordinates"":[]}"
2017_05_25,2017-05-25,306.5264507642001,"{""type"":""MultiPoint"",""coordinates"":[]}"
2017_06_02,2017-06-02,310.8679025734406,"{""type"":""MultiPoint"",""coordinates"":[]}"
2017_06_10,2017-06-10,307.1940584895031,"{""type"":""MultiPoint"",""coordinates"":[]}"
2017_06_18,2017-06-18,306.17688372838325,"{""type"":""MultiPoint"",""coordinates"":[]}"
2017_06_26,2017-06-26,309.67255317239517,"{""type"":""MultiPoint"",""coordinates"":[]}"
2017_07_04,2017-07-04,306.95946925381656,"{""type"":""MultiPoint"",""coordinates"":[]}"
2017_07_12,2017-07-12,,"{""type"":""MultiPoint"",""coordinates"":[]}"
2017_07_20,2017-07-20,306.35864216049487,"{""type"":""MultiPoint"",""coordinates"":[]}"
2017_07_28,2017-07-28,310.0931187502915,"{""type"":""MultiPoint"",""coordinates"":[]}"
2017_08_05,2017-08-05,308.5573337013524,"{""type"":""MultiPoint"",""coordinates"":[]}"
2017_08_13,2017-08-13,306.4578008603061,"{""type"":""MultiPoint"",""coordinates"":[]}"
2017_08_21,2017-08-21,298.82596780564865,"{""type"":""MultiPoint"",""coordinates"":[]}"
2017_08_29,2017-08-29,307.34327798582166,"{""type"":""MultiPoint"",""coordinates"":[]}"
2017_09_06,2017-09-06,302.0677684536229,"{""type"":""MultiPoint"",""coordinates"":[]}"
2017_09_14,2017-09-14,302.805026290601,"{""type"":""MultiPoint"",""coordinates"":[]}"
2017_09_22,2017-09-22,305.20730357214796,"{""type"":""MultiPoint"",""coordinates"":[]}"
2017_09_30,2017-09-30,303.31028817446816,"{""type"":""MultiPoint"",""coordinates"":[]}"
2017_10_08,2017-10-08,304.8828165301222,"{""type"":""MultiPoint"",""coordinates"":[]}"
2017_10_16,2017-10-16,304.35745673101087,"{""type"":""MultiPoint"",""coordinates"":[]}"
2017_10_24,2017-10-24,303.98991678128226,"{""type"":""MultiPoint"",""coordinates"":[]}"
2017_11_01,2017-11-01,300.338443055045,"{""type"":""MultiPoint"",""coordinates"":[]}"
2017_11_09,2017-11-09,301.82927862860544,"{""type"":""MultiPoint"",""coordinates"":[]}"
2017_11_17,2017-11-17,303.82221750112956,"{""type"":""MultiPoint"",""coordinates"":[]}"
2017_11_25,2017-11-25,303.95578491491585,"{""type"":""MultiPoint"",""coordinates"":[]}"
2017_12_03,2017-12-03,304.52497462366176,"{""type"":""MultiPoint"",""coordinates"":[]}"
2017_12_11,2017-12-11,303.8621203060958,"{""type"":""MultiPoint"",""coordinates"":[]}"
2017_12_19,2017-12-19,305.1751318708141,"{""type"":""MultiPoint"",""coordinates"":[]}"
2017_12_27,2017-12-27,304.37888961472464,"{""type"":""MultiPoint"",""coordinates"":[]}"
2018_01_01,2018-01-01,304.7169891172483,"{""type"":""MultiPoint"",""coordinates"":[]}"
2018_01_09,2018-01-09,306.92636615866064,"{""type"":""MultiPoint"",""coordinates"":[]}"
2018_01_17,2018-01-17,306.706668844174,"{""type"":""MultiPoint"",""coordinates"":[]}"
2018_01_25,2018-01-25,307.59033427133653,"{""type"":""MultiPoint"",""coordinates"":[]}"
2018_02_02,2018-02-02,310.1598561409299,"{""type"":""MultiPoint"",""coordinates"":[]}"
2018_02_10,2018-02-10,309.46831941882084,"{""type"":""MultiPoint"",""coordinates"":[]}"
2018_02_18,2018-02-18,313.5829938694791,"{""type"":""MultiPoint"",""coordinates"":[]}"
2018_02_26,2018-02-26,315.2357568394073,"{""type"":""MultiPoint"",""coordinates"":[]}"
2018_03_06,2018-03-06,315.518121576707,"{""type"":""MultiPoint"",""coordinates"":[]}"
2018_03_14,2018-03-14,311.4503325125809,"{""type"":""MultiPoint"",""coordinates"":[]}"
2018_03_22,2018-03-22,312.42618446838895,"{""type"":""MultiPoint"",""coordinates"":[]}"
2018_03_30,2018-03-30,310.0312330315925,"{""type"":""MultiPoint"",""coordinates"":[]}"
2018_04_07,2018-04-07,313.62874076653065,"{""type"":""MultiPoint"",""coordinates"":[]}"
2018_04_15,2018-04-15,311.46729428384066,"{""type"":""MultiPoint"",""coordinates"":[]}"
2018_04_23,2018-04-23,310.9949679834603,"{""type"":""MultiPoint"",""coordinates"":[]}"
2018_05_01,2018-05-01,308.64525481599503,"{""type"":""MultiPoint"",""coordinates"":[]}"
2018_05_09,2018-05-09,308.1324796894226,"{""type"":""MultiPoint"",""coordinates"":[]}"
2018_05_17,2018-05-17,304.7571642957336,"{""type"":""MultiPoint"",""coordinates"":[]}"
2018_05_25,2018-05-25,306.34864576595413,"{""type"":""MultiPoint"",""coordinates"":[]}"
2018_06_02,2018-06-02,307.4162977336992,"{""type"":""MultiPoint"",""coordinates"":[]}"
2018_06_10,2018-06-10,307.97772722152513,"{""type"":""MultiPoint"",""coordinates"":[]}"
2018_06_18,2018-06-18,303.9237523599455,"{""type"":""MultiPoint"",""coordinates"":[]}"
2018_06_26,2018-06-26,306.1781553872786,"{""type"":""MultiPoint"",""coordinates"":[]}"
2018_07_04,2018-07-04,305.27650577755315,"{""type"":""MultiPoint"",""coordinates"":[]}"
2018_07_12,2018-07-12,,"{""type"":""MultiPoint"",""coordinates"":[]}"
2018_07_20,2018-07-20,,"{""type"":""MultiPoint"",""coordinates"":[]}"
2018_07_28,2018-07-28,304.3358088397791,"{""type"":""MultiPoint"",""coordinates"":[]}"
2018_08_05,2018-08-05,306.1776811719459,"{""type"":""MultiPoint"",""coordinates"":[]}"
2018_08_13,2018-08-13,,"{""type"":""MultiPoint"",""coordinates"":[]}"
2018_08_21,2018-08-21,307.40982992266095,"{""type"":""MultiPoint"",""coordinates"":[]}"
2018_08_29,2018-08-29,308.88965677178135,"{""type"":""MultiPoint"",""coordinates"":[]}"
2018_09_06,2018-09-06,307.85994398431194,"{""type"":""MultiPoint"",""coordinates"":[]}"
2018_09_14,2018-09-14,307.7597672306895,"{""type"":""MultiPoint"",""coordinates"":[]}"
2018_09_22,2018-09-22,303.6042689613554,"{""type"":""MultiPoint"",""coordinates"":[]}"
2018_09_30,2018-09-30,304.91054621682645,"{""type"":""MultiPoint"",""coordinates"":[]}"
2018_10_08,2018-10-08,304.4477533325598,"{""type"":""MultiPoint"",""coordinates"":[]}"
2018_10_16,2018-10-16,302.34341092537625,"{""type"":""MultiPoint"",""coordinates"":[]}"
2018_10_24,2018-10-24,305.7306509551124,"{""type"":""MultiPoint"",""coordinates"":[]}"
2018_11_01,2018-11-01,304.69328873032083,"{""type"":""MultiPoint"",""coordinates"":[]}"
2018_11_09,2018-11-09,306.8147260647656,"{""type"":""MultiPoint"",""coordinates"":[]}"
2018_11_17,2018-11-17,306.1198655029323,"{""type"":""MultiPoint"",""coordinates"":[]}"
2018_11_25,2018-11-25,304.83537615844585,"{""type"":""MultiPoint"",""coordinates"":[]}"
2018_12_03,2018-12-03,303.9229302247878,"{""type"":""MultiPoint"",""coordinates"":[]}"
2018_12_11,2018-12-11,303.66847421700396,"{""type"":""MultiPoint"",""coordinates"":[]}"
2018_12_19,2018-12-19,305.9842280496471,"{""type"":""MultiPoint"",""coordinates"":[]}"
2018_12_27,2018-12-27,304.9835624501986,"{""type"":""MultiPoint"",""coordinates"":[]}"
2019_01_01,2019-01-01,307.9282772804604,"{""type"":""MultiPoint"",""coordinates"":[]}"
2019_01_09,2019-01-09,310.9496360092747,"{""type"":""MultiPoint"",""coordinates"":[]}"
2019_01_17,2019-01-17,308.4297026625416,"{""type"":""MultiPoint"",""coordinates"":[]}"
2019_01_25,2019-01-25,307.34912561107734,"{""type"":""MultiPoint"",""coordinates"":[]}"
2019_02_02,2019-02-02,310.3935817247294,"{""type"":""MultiPoint"",""coordinates"":[]}"
2019_02_10,2019-02-10,310.7801060996533,"{""type"":""MultiPoint"",""coordinates"":[]}"
2019_02_18,2019-02-18,314.88520006747854,"{""type"":""MultiPoint"",""coordinates"":[]}"
2019_02_26,2019-02-26,314.1714003646726,"{""type"":""MultiPoint"",""coordinates"":[]}"
2019_03_06,2019-03-06,316.2352503894383,"{""type"":""MultiPoint"",""coordinates"":[]}"
2019_03_14,2019-03-14,317.3547454110819,"{""type"":""MultiPoint"",""coordinates"":[]}"
2019_03_22,2019-03-22,316.9330145079427,"{""type"":""MultiPoint"",""coordinates"":[]}"
2019_03_30,2019-03-30,318.44936785281004,"{""type"":""MultiPoint"",""coordinates"":[]}"
2019_04_07,2019-04-07,316.8330761361917,"{""type"":""MultiPoint"",""coordinates"":[]}"
2019_04_15,2019-04-15,316.1653168991334,"{""type"":""MultiPoint"",""coordinates"":[]}"
2019_04_23,2019-04-23,315.7713941551866,"{""type"":""MultiPoint"",""coordinates"":[]}"
2019_05_01,2019-05-01,312.9448864244633,"{""type"":""MultiPoint"",""coordinates"":[]}"
2019_05_09,2019-05-09,311.39913533807623,"{""type"":""MultiPoint"",""coordinates"":[]}"
2019_05_17,2019-05-17,311.72808044334926,"{""type"":""MultiPoint"",""coordinates"":[]}"
2019_05_25,2019-05-25,309.8063314142548,"{""type"":""MultiPoint"",""coordinates"":[]}"
2019_06_02,2019-06-02,308.8131927165962,"{""type"":""MultiPoint"",""coordinates"":[]}"
2019_06_10,2019-06-10,307.91593548473156,"{""type"":""MultiPoint"",""coordinates"":[]}"
2019_06_18,2019-06-18,310.5986920651839,"{""type"":""MultiPoint"",""coordinates"":[]}"
2019_06_26,2019-06-26,310.26579858651627,"{""type"":""MultiPoint"",""coordinates"":[]}"
2019_07_04,2019-07-04,308.4532823797201,"{""type"":""MultiPoint"",""coordinates"":[]}"
2019_07_12,2019-07-12,311.69178664088344,"{""type"":""MultiPoint"",""coordinates"":[]}"
2019_07_20,2019-07-20,307.99629629629624,"{""type"":""MultiPoint"",""coordinates"":[]}"
2019_07_28,2019-07-28,308.8893990224153,"{""type"":""MultiPoint"",""coordinates"":[]}"
2019_08_05,2019-08-05,,"{""type"":""MultiPoint"",""coordinates"":[]}"
2019_08_13,2019-08-13,304.6974325835714,"{""type"":""MultiPoint"",""coordinates"":[]}"
2019_08_21,2019-08-21,305.3749890296034,"{""type"":""MultiPoint"",""coordinates"":[]}"
2019_08_29,2019-08-29,302.9452399841332,"{""type"":""MultiPoint"",""coordinates"":[]}"
2019_09_06,2019-09-06,307.74881068658465,"{""type"":""MultiPoint"",""coordinates"":[]}"
2019_09_14,2019-09-14,307.23213979316023,"{""type"":""MultiPoint"",""coordinates"":[]}"
2019_09_22,2019-09-22,305.9712525313371,"{""type"":""MultiPoint"",""coordinates"":[]}"
2019_09_30,2019-09-30,303.9356344299679,"{""type"":""MultiPoint"",""coordinates"":[]}"
2019_10_08,2019-10-08,303.57586966979085,"{""type"":""MultiPoint"",""coordinates"":[]}"
2019_10_16,2019-10-16,299.91245435801295,"{""type"":""MultiPoint"",""coordinates"":[]}"
2019_10_24,2019-10-24,299.8712634152966,"{""type"":""MultiPoint"",""coordinates"":[]}"
2019_11_01,2019-11-01,304.60315147556065,"{""type"":""MultiPoint"",""coordinates"":[]}"
2019_11_09,2019-11-09,303.080472550861,"{""type"":""MultiPoint"",""coordinates"":[]}"
2019_11_17,2019-11-17,303.97708688972966,"{""type"":""MultiPoint"",""coordinates"":[]}"
2019_11_25,2019-11-25,301.9131851141202,"{""type"":""MultiPoint"",""coordinates"":[]}"
2019_12_03,2019-12-03,300.95056254999446,"{""type"":""MultiPoint"",""coordinates"":[]}"
2019_12_11,2019-12-11,302.1361991489389,"{""type"":""MultiPoint"",""coordinates"":[]}"
2019_12_19,2019-12-19,304.42340356616285,"{""type"":""MultiPoint"",""coordinates"":[]}"
2019_12_27,2019-12-27,304.21480689396714,"{""type"":""MultiPoint"",""coordinates"":[]}"
2020_01_01,2020-01-01,305.3005850914919,"{""type"":""MultiPoint"",""coordinates"":[]}"
2020_01_09,2020-01-09,306.7362811999736,"{""type"":""MultiPoint"",""coordinates"":[]}"
2020_01_17,2020-01-17,309.43964261358263,"{""type"":""MultiPoint"",""coordinates"":[]}"
2020_01_25,2020-01-25,310.8762493270059,"{""type"":""MultiPoint"",""coordinates"":[]}"
2020_02_02,2020-02-02,308.9217135309359,"{""type"":""MultiPoint"",""coordinates"":[]}"
2020_02_10,2020-02-10,312.92181385181937,"{""type"":""MultiPoint"",""coordinates"":[]}"
2020_02_18,2020-02-18,313.29435288543755,"{""type"":""MultiPoint"",""coordinates"":[]}"
2020_02_26,2020-02-26,311.91878620704483,"{""type"":""MultiPoint"",""coordinates"":[]}"
2020_03_05,2020-03-05,310.6458692861387,"{""type"":""MultiPoint"",""coordinates"":[]}"
2020_03_13,2020-03-13,317.13762122854416,"{""type"":""MultiPoint"",""coordinates"":[]}"
2020_03_21,2020-03-21,313.97020692303823,"{""type"":""MultiPoint"",""coordinates"":[]}"
2020_03_29,2020-03-29,318.94649103034345,"{""type"":""MultiPoint"",""coordinates"":[]}"
2020_04_06,2020-04-06,314.58325018125953,"{""type"":""MultiPoint"",""coordinates"":[]}"
2020_04_14,2020-04-14,316.9611691779788,"{""type"":""MultiPoint"",""coordinates"":[]}"
2020_04_22,2020-04-22,313.29813203543864,"{""type"":""MultiPoint"",""coordinates"":[]}"
2020_04_30,2020-04-30,309.91507310349795,"{""type"":""MultiPoint"",""coordinates"":[]}"
2020_05_08,2020-05-08,311.9329012466597,"{""type"":""MultiPoint"",""coordinates"":[]}"
2020_05_16,2020-05-16,311.4273703728295,"{""type"":""MultiPoint"",""coordinates"":[]}"
2020_05_24,2020-05-24,308.86146853899834,"{""type"":""MultiPoint"",""coordinates"":[]}"
2020_06_01,2020-06-01,309.21663082007973,"{""type"":""MultiPoint"",""coordinates"":[]}"
2020_06_09,2020-06-09,,"{""type"":""MultiPoint"",""coordinates"":[]}"
2020_06_17,2020-06-17,307.79086747374316,"{""type"":""MultiPoint"",""coordinates"":[]}"
2020_06_25,2020-06-25,305.12662132348464,"{""type"":""MultiPoint"",""coordinates"":[]}"
2020_07_03,2020-07-03,306.97644646797573,"{""type"":""MultiPoint"",""coordinates"":[]}"
2020_07_11,2020-07-11,304.10178468971793,"{""type"":""MultiPoint"",""coordinates"":[]}"
2020_07_19,2020-07-19,304.7923619294499,"{""type"":""MultiPoint"",""coordinates"":[]}"
2020_07_27,2020-07-27,306.6725047823919,"{""type"":""MultiPoint"",""coordinates"":[]}"
2020_08_04,2020-08-04,299.7442165101334,"{""type"":""MultiPoint"",""coordinates"":[]}"
2020_08_12,2020-08-12,,"{""type"":""MultiPoint"",""coordinates"":[]}"
2020_08_20,2020-08-20,,"{""type"":""MultiPoint"",""coordinates"":[]}"
2020_08_28,2020-08-28,306.98414400788835,"{""type"":""MultiPoint"",""coordinates"":[]}"
2020_09_05,2020-09-05,307.6571877768685,"{""type"":""MultiPoint"",""coordinates"":[]}"
2020_09_13,2020-09-13,,"{""type"":""MultiPoint"",""coordinates"":[]}"
2020_09_21,2020-09-21,300.6278444706681,"{""type"":""MultiPoint"",""coordinates"":[]}"
2020_09_29,2020-09-29,303.8478847761887,"{""type"":""MultiPoint"",""coordinates"":[]}"
2020_10_07,2020-10-07,305.6000500742597,"{""type"":""MultiPoint"",""coordinates"":[]}"
2020_10_15,2020-10-15,301.97739676146267,"{""type"":""MultiPoint"",""coordinates"":[]}"
2020_10_23,2020-10-23,304.25292100672607,"{""type"":""MultiPoint"",""coordinates"":[]}"
2020_10_31,2020-10-31,302.881165578693,"{""type"":""MultiPoint"",""coordinates"":[]}"
2020_11_08,2020-11-08,301.4264633684479,"{""type"":""MultiPoint"",""coordinates"":[]}"
2020_11_16,2020-11-16,303.1665232163498,"{""type"":""MultiPoint"",""coordinates"":[]}"
2020_11_24,2020-11-24,293.6415740235767,"{""type"":""MultiPoint"",""coordinates"":[]}"
2020_12_02,2020-12-02,296.3727764801643,"{""type"":""MultiPoint"",""coordinates"":[]}"
2020_12_10,2020-12-10,303.12578408217973,"{""type"":""MultiPoint"",""coordinates"":[]}"
2020_12_18,2020-12-18,303.58994296605226,"{""type"":""MultiPoint"",""coordinates"":[]}"
2020_12_26,2020-12-26,305.82669515372993,"{""type"":""MultiPoint"",""coordinates"":[]}"
2021_01_01,2021-01-01,302.14541978917003,"{""type"":""MultiPoint"",""coordinates"":[]}"
2021_01_09,2021-01-09,303.00194194503024,"{""type"":""MultiPoint"",""coordinates"":[]}"
2021_01_17,2021-01-17,306.24299096214736,"{""type"":""MultiPoint"",""coordinates"":[]}"
2021_01_25,2021-01-25,308.48589255077076,"{""type"":""MultiPoint"",""coordinates"":[]}"
2021_02_02,2021-02-02,308.2854517849574,"{""type"":""MultiPoint"",""coordinates"":[]}"
2021_02_10,2021-02-10,311.33369593619676,"{""type"":""MultiPoint"",""coordinates"":[]}"
2021_02_18,2021-02-18,308.98836643862654,"{""type"":""MultiPoint"",""coordinates"":[]}"
2021_02_26,2021-02-26,313.42505922341934,"{""type"":""MultiPoint"",""coordinates"":[]}"
2021_03_06,2021-03-06,314.4133567834135,"{""type"":""MultiPoint"",""coordinates"":[]}"
2021_03_14,2021-03-14,316.3754948924283,"{""type"":""MultiPoint"",""coordinates"":[]}"
2021_03_22,2021-03-22,314.9936069933887,"{""type"":""MultiPoint"",""coordinates"":[]}"
2021_03_30,2021-03-30,315.4616957998032,"{""type"":""MultiPoint"",""coordinates"":[]}"
2021_04_07,2021-04-07,312.93677623597483,"{""type"":""MultiPoint"",""coordinates"":[]}"
2021_04_15,2021-04-15,310.894565157866,"{""type"":""MultiPoint"",""coordinates"":[]}"
2021_04_23,2021-04-23,310.2702295509344,"{""type"":""MultiPoint"",""coordinates"":[]}"
2021_05_01,2021-05-01,311.04555218706247,"{""type"":""MultiPoint"",""coordinates"":[]}"
2021_05_09,2021-05-09,309.43934536603587,"{""type"":""MultiPoint"",""coordinates"":[]}"
2021_05_17,2021-05-17,310.2314656438812,"{""type"":""MultiPoint"",""coordinates"":[]}"
2021_05_25,2021-05-25,309.19098307409644,"{""type"":""MultiPoint"",""coordinates"":[]}"
2021_06_02,2021-06-02,309.8897755090011,"{""type"":""MultiPoint"",""coordinates"":[]}"
2021_06_10,2021-06-10,303.5385990356505,"{""type"":""MultiPoint"",""coordinates"":[]}"
2021_06_18,2021-06-18,307.19397821099494,"{""type"":""MultiPoint"",""coordinates"":[]}"
2021_06_26,2021-06-26,308.85886026504807,"{""type"":""MultiPoint"",""coordinates"":[]}"
2021_07_04,2021-07-04,301.92632977297956,"{""type"":""MultiPoint"",""coordinates"":[]}"
2021_07_12,2021-07-12,299.4110188261351,"{""type"":""MultiPoint"",""coordinates"":[]}"
2021_07_20,2021-07-20,303.58243537031814,"{""type"":""MultiPoint"",""coordinates"":[]}"
2021_07_28,2021-07-28,305.55913053093326,"{""type"":""MultiPoint"",""coordinates"":[]}"
2021_08_05,2021-08-05,305.0651056705959,"{""type"":""MultiPoint"",""coordinates"":[]}"
2021_08_13,2021-08-13,,"{""type"":""MultiPoint"",""coordinates"":[]}"
2021_08_21,2021-08-21,299.738830534908,"{""type"":""MultiPoint"",""coordinates"":[]}"
2021_08_29,2021-08-29,301.31922290388565,"{""type"":""MultiPoint"",""coordinates"":[]}"
2021_09_06,2021-09-06,302.6073698776394,"{""type"":""MultiPoint"",""coordinates"":[]}"
2021_09_14,2021-09-14,305.5569025193547,"{""type"":""MultiPoint"",""coordinates"":[]}"
2021_09_22,2021-09-22,306.01057019153177,"{""type"":""MultiPoint"",""coordinates"":[]}"
2021_09_30,2021-09-30,304.3097038028539,"{""type"":""MultiPoint"",""coordinates"":[]}"
2021_10_08,2021-10-08,299.91937224579544,"{""type"":""MultiPoint"",""coordinates"":[]}"
2021_10_16,2021-10-16,303.8690046649882,"{""type"":""MultiPoint"",""coordinates"":[]}"
2021_10_24,2021-10-24,300.351032413255,"{""type"":""MultiPoint"",""coordinates"":[]}"
2021_11_01,2021-11-01,303.6190445859873,"{""type"":""MultiPoint"",""coordinates"":[]}"
2021_11_09,2021-11-09,300.450166928729,"{""type"":""MultiPoint"",""coordinates"":[]}"
2021_11_17,2021-11-17,302.15060471194596,"{""type"":""MultiPoint"",""coordinates"":[]}"
2021_11_25,2021-11-25,300.86044807915033,"{""type"":""MultiPoint"",""coordinates"":[]}"
2021_12_03,2021-12-03,300.2521102017513,"{""type"":""MultiPoint"",""coordinates"":[]}"
2021_12_11,2021-12-11,302.4630965865939,"{""type"":""MultiPoint"",""coordinates"":[]}"
2021_12_19,2021-12-19,304.3832463048179,"{""type"":""MultiPoint"",""coordinates"":[]}"
2021_12_27,2021-12-27,303.44221789911177,"{""type"":""MultiPoint"",""coordinates"":[]}"
2022_01_01,2022-01-01,303.5247933641053,"{""type"":""MultiPoint"",""coordinates"":[]}"
2022_01_09,2022-01-09,303.5432202106198,"{""type"":""MultiPoint"",""coordinates"":[]}"
2022_01_17,2022-01-17,307.44092952054143,"{""type"":""MultiPoint"",""coordinates"":[]}"
2022_01_25,2022-01-25,305.51144957395053,"{""type"":""MultiPoint"",""coordinates"":[]}"
2022_02_02,2022-02-02,309.06082277481426,"{""type"":""MultiPoint"",""coordinates"":[]}"
2022_02_10,2022-02-10,307.5824764003644,"{""type"":""MultiPoint"",""coordinates"":[]}"
2022_02_18,2022-02-18,311.97359543584906,"{""type"":""MultiPoint"",""coordinates"":[]}"
2022_02_26,2022-02-26,310.5542863398489,"{""type"":""MultiPoint"",""coordinates"":[]}"
2022_03_06,2022-03-06,313.58514475639413,"{""type"":""MultiPoint"",""coordinates"":[]}"
2022_03_14,2022-03-14,309.5686510599265,"{""type"":""MultiPoint"",""coordinates"":[]}"
2022_03_22,2022-03-22,310.7801073867079,"{""type"":""MultiPoint"",""coordinates"":[]}"
2022_03_30,2022-03-30,313.8113562381867,"{""type"":""MultiPoint"",""coordinates"":[]}"
2022_04_15,2022-04-15,310.1547312333552,"{""type"":""MultiPoint"",""coordinates"":[]}"
2022_04_23,2022-04-23,312.75210487211257,"{""type"":""MultiPoint"",""coordinates"":[]}"
2022_05_01,2022-05-01,307.42585687314704,"{""type"":""MultiPoint"",""coordinates"":[]}"
2022_05_09,2022-05-09,304.81851046074996,"{""type"":""MultiPoint"",""coordinates"":[]}"
2022_05_17,2022-05-17,304.456555218855,"{""type"":""MultiPoint"",""coordinates"":[]}"
2022_05_25,2022-05-25,306.22035035139197,"{""type"":""MultiPoint"",""coordinates"":[]}"
2022_06_02,2022-06-02,305.7693785130258,"{""type"":""MultiPoint"",""coordinates"":[]}"
2022_06_10,2022-06-10,306.93891858759486,"{""type"":""MultiPoint"",""coordinates"":[]}"
2022_06_18,2022-06-18,304.4391464136687,"{""type"":""MultiPoint"",""coordinates"":[]}"
2022_06_26,2022-06-26,301.73356317640054,"{""type"":""MultiPoint"",""coordinates"":[]}"
2022_07_04,2022-07-04,,"{""type"":""MultiPoint"",""coordinates"":[]}"
2022_07_12,2022-07-12,304.08088805418777,"{""type"":""MultiPoint"",""coordinates"":[]}"
2022_07_20,2022-07-20,,"{""type"":""MultiPoint"",""coordinates"":[]}"
2022_07_28,2022-07-28,304.0659108830501,"{""type"":""MultiPoint"",""coordinates"":[]}"
2022_08_05,2022-08-05,302.212311321856,"{""type"":""MultiPoint"",""coordinates"":[]}"
2022_08_13,2022-08-13,305.65261386347834,"{""type"":""MultiPoint"",""coordinates"":[]}"
2022_08_21,2022-08-21,303.14329602921873,"{""type"":""MultiPoint"",""coordinates"":[]}"
2022_08_29,2022-08-29,304.99143886985297,"{""type"":""MultiPoint"",""coordinates"":[]}"
2022_09_06,2022-09-06,300.9632119474635,"{""type"":""MultiPoint"",""coordinates"":[]}"
2022_09_14,2022-09-14,305.02855663865586,"{""type"":""MultiPoint"",""coordinates"":[]}"
2022_09_22,2022-09-22,303.7304788948278,"{""type"":""MultiPoint"",""coordinates"":[]}"
2022_09_30,2022-09-30,,"{""type"":""MultiPoint"",""coordinates"":[]}"
2022_10_08,2022-10-08,300.43363876384194,"{""type"":""MultiPoint"",""coordinates"":[]}"
2022_10_16,2022-10-16,301.2005447252401,"{""type"":""MultiPoint"",""coordinates"":[]}"
2022_10_24,2022-10-24,303.4644278299816,"{""type"":""MultiPoint"",""coordinates"":[]}"
2022_11_01,2022-11-01,303.0580637284383,"{""type"":""MultiPoint"",""coordinates"":[]}"
2022_11_09,2022-11-09,302.1208121906204,"{""type"":""MultiPoint"",""coordinates"":[]}"
2022_11_17,2022-11-17,301.97960407520253,"{""type"":""MultiPoint"",""coordinates"":[]}"
2022_11_25,2022-11-25,301.1983531530022,"{""type"":""MultiPoint"",""coordinates"":[]}"
2022_12_03,2022-12-03,301.5336911130361,"{""type"":""MultiPoint"",""coordinates"":[]}"
2022_12_11,2022-12-11,302.7913507964647,"{""type"":""MultiPoint"",""coordinates"":[]}"
2022_12_19,2022-12-19,303.75362483219965,"{""type"":""MultiPoint"",""coordinates"":[]}"
2022_12_27,2022-12-27,303.70073457612887,"{""type"":""MultiPoint"",""coordinates"":[]}"
2023_01_01,2023-01-01,303.68858534992034,"{""type"":""MultiPoint"",""coordinates"":[]}"
2023_01_09,2023-01-09,306.2446306612203,"{""type"":""MultiPoint"",""coordinates"":[]}"
2023_01_17,2023-01-17,306.83203613705325,"{""type"":""MultiPoint"",""coordinates"":[]}"
2023_01_25,2023-01-25,308.01358154526486,"{""type"":""MultiPoint"",""coordinates"":[]}"
2023_02_02,2023-02-02,309.9113720451099,"{""type"":""MultiPoint"",""coordinates"":[]}"
2023_02_10,2023-02-10,311.3342379202166,"{""type"":""MultiPoint"",""coordinates"":[]}"
2023_02_18,2023-02-18,311.7612861532053,"{""type"":""MultiPoint"",""coordinates"":[]}"
2023_02_26,2023-02-26,312.3242952413078,"{""type"":""MultiPoint"",""coordinates"":[]}"
2023_03_06,2023-03-06,312.1181973826835,"{""type"":""MultiPoint"",""coordinates"":[]}"
2023_03_14,2023-03-14,311.72271214546663,"{""type"":""MultiPoint"",""coordinates"":[]}"
2023_03_22,2023-03-22,314.3256962879473,"{""type"":""MultiPoint"",""coordinates"":[]}"
2023_03_30,2023-03-30,311.17385016791025,"{""type"":""MultiPoint"",""coordinates"":[]}"
2023_04_07,2023-04-07,314.71558957811436,"{""type"":""MultiPoint"",""coordinates"":[]}"
2023_04_15,2023-04-15,315.18289107197955,"{""type"":""MultiPoint"",""coordinates"":[]}"
2023_04_23,2023-04-23,313.643742567546,"{""type"":""MultiPoint"",""coordinates"":[]}"
2023_05_01,2023-05-01,308.9292151426061,"{""type"":""MultiPoint"",""coordinates"":[]}"
2023_05_09,2023-05-09,309.8425153442497,"{""type"":""MultiPoint"",""coordinates"":[]}"
2023_05_17,2023-05-17,309.7403748876986,"{""type"":""MultiPoint"",""coordinates"":[]}"
2023_05_25,2023-05-25,307.58003629392357,"{""type"":""MultiPoint"",""coordinates"":[]}"
2023_06_02,2023-06-02,307.99252666109425,"{""type"":""MultiPoint"",""coordinates"":[]}"
2023_06_10,2023-06-10,308.28165165353903,"{""type"":""MultiPoint"",""coordinates"":[]}"
2023_06_18,2023-06-18,305.62957317073176,"{""type"":""MultiPoint"",""coordinates"":[]}"
2023_06_26,2023-06-26,306.59295046661884,"{""type"":""MultiPoint"",""coordinates"":[]}"
2023_07_04,2023-07-04,,"{""type"":""MultiPoint"",""coordinates"":[]}"
2023_07_12,2023-07-12,304.62083713765065,"{""type"":""MultiPoint"",""coordinates"":[]}"
2023_07_20,2023-07-20,,"{""type"":""MultiPoint"",""coordinates"":[]}"
2023_07_28,2023-07-28,305.7803975498724,"{""type"":""MultiPoint"",""coordinates"":[]}"
2023_08_05,2023-08-05,306.92268585205875,"{""type"":""MultiPoint"",""coordinates"":[]}"
2023_08_13,2023-08-13,306.199082721897,"{""type"":""MultiPoint"",""coordinates"":[]}"
2023_08_21,2023-08-21,308.88306774541314,"{""type"":""MultiPoint"",""coordinates"":[]}"
2023_08_29,2023-08-29,309.1697144844376,"{""type"":""MultiPoint"",""coordinates"":[]}"
2023_09_06,2023-09-06,304.297734761047,"{""type"":""MultiPoint"",""coordinates"":[]}"
2023_09_14,2023-09-14,303.65243148179826,"{""type"":""MultiPoint"",""coordinates"":[]}"
2023_09_22,2023-09-22,304.58689054918995,"{""type"":""MultiPoint"",""coordinates"":[]}"
2023_09_30,2023-09-30,305.092516751287,"{""type"":""MultiPoint"",""coordinates"":[]}"
2023_10_08,2023-10-08,307.01931803335077,"{""type"":""MultiPoint"",""coordinates"":[]}"
2023_10_16,2023-10-16,306.0424155258678,"{""type"":""MultiPoint"",""coordinates"":[]}"
2023_10_24,2023-10-24,307.42564086918435,"{""type"":""MultiPoint"",""coordinates"":[]}"
2023_11_01,2023-11-01,304.21806191491316,"{""type"":""MultiPoint"",""coordinates"":[]}"
2023_11_09,2023-11-09,302.1423241532871,"{""type"":""MultiPoint"",""coordinates"":[]}"
2023_11_17,2023-11-17,304.306284829888,"{""type"":""MultiPoint"",""coordinates"":[]}"
2023_11_25,2023-11-25,302.2715996550405,"{""type"":""MultiPoint"",""coordinates"":[]}"
2023_12_03,2023-12-03,302.998858136915,"{""type"":""MultiPoint"",""coordinates"":[]}"
2023_12_11,2023-12-11,304.59161392791185,"{""type"":""MultiPoint"",""coordinates"":[]}"
2023_12_19,2023-12-19,306.022569793902,"{""type"":""MultiPoint"",""coordinates"":[]}"
2023_12_27,2023-12-27,305.9809373811039,"{""type"":""MultiPoint"",""coordinates"":[]}"
2024_01_01,2024-01-01,306.14786207045086,"{""type"":""MultiPoint"",""coordinates"":[]}"
2024_01_09,2024-01-09,306.80024988693714,"{""type"":""MultiPoint"",""coordinates"":[]}"
2024_01_17,2024-01-17,307.27903523255117,"{""type"":""MultiPoint"",""coordinates"":[]}"
2024_01_25,2024-01-25,308.2781348571103,"{""type"":""MultiPoint"",""coordinates"":[]}"
2024_02_02,2024-02-02,312.9909615370801,"{""type"":""MultiPoint"",""coordinates"":[]}"
2024_02_10,2024-02-10,311.3535420988777,"{""type"":""MultiPoint"",""coordinates"":[]}"
2024_02_18,2024-02-18,312.89472017831565,"{""type"":""MultiPoint"",""coordinates"":[]}"
2024_02_26,2024-02-26,314.4237961494006,"{""type"":""MultiPoint"",""coordinates"":[]}"
2024_03_05,2024-03-05,313.5026026359802,"{""type"":""MultiPoint"",""coordinates"":[]}"
2024_03_13,2024-03-13,314.4786053423107,"{""type"":""MultiPoint"",""coordinates"":[]}"
2024_03_21,2024-03-21,315.5346479975301,"{""type"":""MultiPoint"",""coordinates"":[]}"
2024_03_29,2024-03-29,318.48918932111974,"{""type"":""MultiPoint"",""coordinates"":[]}"
2024_04_06,2024-04-06,319.0390462875888,"{""type"":""MultiPoint"",""coordinates"":[]}"
2024_04_14,2024-04-14,317.4954450729705,"{""type"":""MultiPoint"",""coordinates"":[]}"
2024_04_22,2024-04-22,319.11306389668545,"{""type"":""MultiPoint"",""coordinates"":[]}"
2024_04_30,2024-04-30,316.71372777327156,"{""type"":""MultiPoint"",""coordinates"":[]}"
2024_05_08,2024-05-08,310.0639594945843,"{""type"":""MultiPoint"",""coordinates"":[]}"
2024_05_16,2024-05-16,307.34539048845585,"{""type"":""MultiPoint"",""coordinates"":[]}"
2024_05_24,2024-05-24,311.6734683093729,"{""type"":""MultiPoint"",""coordinates"":[]}"
2024_06_01,2024-06-01,303.7348775306173,"{""type"":""MultiPoint"",""coordinates"":[]}"
2024_06_09,2024-06-09,301.8490673189107,"{""type"":""MultiPoint"",""coordinates"":[]}"
2024_06_17,2024-06-17,307.33614932556696,"{""type"":""MultiPoint"",""coordinates"":[]}"
2024_06_25,2024-06-25,307.88706806838695,"{""type"":""MultiPoint"",""coordinates"":[]}"
2024_07_03,2024-07-03,302.58578846153824,"{""type"":""MultiPoint"",""coordinates"":[]}"
2024_07_11,2024-07-11,308.4961322476485,"{""type"":""MultiPoint"",""coordinates"":[]}"
2024_07_19,2024-07-19,,"{""type"":""MultiPoint"",""coordinates"":[]}"
2024_07_27,2024-07-27,302.93682272909155,"{""type"":""MultiPoint"",""coordinates"":[]}"
2024_08_04,2024-08-04,301.5475079173914,"{""type"":""MultiPoint"",""coordinates"":[]}"
2024_08_12,2024-08-12,305.3945348491856,"{""type"":""MultiPoint"",""coordinates"":[]}"
2024_08_20,2024-08-20,302.2009433274616,"{""type"":""MultiPoint"",""coordinates"":[]}"
2024_08_28,2024-08-28,295.25500000000005,"{""type"":""MultiPoint"",""coordinates"":[]}"
2024_09_05,2024-09-05,304.67148675171757,"{""type"":""MultiPoint"",""coordinates"":[]}"
2024_09_13,2024-09-13,305.86372595341345,"{""type"":""MultiPoint"",""coordinates"":[]}"
2024_09_21,2024-09-21,303.0616689791874,"{""type"":""MultiPoint"",""coordinates"":[]}"
2024_09_29,2024-09-29,307.1188893985296,"{""type"":""MultiPoint"",""coordinates"":[]}"
2024_10_07,2024-10-07,301.2369776143063,"{""type"":""MultiPoint"",""coordinates"":[]}"
2024_10_15,2024-10-15,299.170521528959,"{""type"":""MultiPoint"",""coordinates"":[]}"
2024_10_23,2024-10-23,302.82533097737775,"{""type"":""MultiPoint"",""coordinates"":[]}"
2024_10_31,2024-10-31,301.1396670264916,"{""type"":""MultiPoint"",""coordinates"":[]}"
2024_11_08,2024-11-08,302.16405514187227,"{""type"":""MultiPoint"",""coordinates"":[]}"
2024_11_16,2024-11-16,302.31146863312347,"{""type"":""MultiPoint"",""coordinates"":[]}"
2024_11_24,2024-11-24,297.13184459972854,"{""type"":""MultiPoint"",""coordinates"":[]}"
2024_12_02,2024-12-02,301.8535858165295,"{""type"":""MultiPoint"",""coordinates"":[]}"
2024_12_10,2024-12-10,301.11221449743215,"{""type"":""MultiPoint"",""coordinates"":[]}"
2024_12_18,2024-12-18,300.90978747963555,"{""type"":""MultiPoint"",""coordinates"":[]}"
2024_12_26,2024-12-26,302.8764387386582,"{""type"":""MultiPoint"",""coordinates"":[]}"
